County,2006_count,2006_pct,2005_count,2005_pct,2004_count,2004_pct,2003_count,2003_pct,2002_count,2002_pct,2001_count,2001_pct,2000_count,2000_pct,1999_count,1999_pct
Alachua,2424,95.7,2121,91.3,2111,91,2079,93.7,2056,94.3,2013,91.8,2086,93,2133,90.9
Baker,427,96.8,429,97.5,371,98.4,340,97.1,307,95.6,335,98.2,329,90.9,368,90.6
Bay,2230,96.7,2030,94.6,2052,96.4,1849,85.8,1974,95.4,2037,99.1,1996,94.9,1882,89.9
Bradford,349,98.6,344,97.2,311,98.4,267,86.7,284,99,291,99,301,97.4,237,72
Brevard,6369,97.5,6028,97,5955,98.1,5304,93.6,5122,92.3,5132,95.4,5351,96.4,5663,99.7
Broward,20379,91.5,20370,91.3,20654,91.8,20501,93.2,20653,94.2,20575,94.8,19616,93.7,18965,92.1
Calhoun,184,98.9,172,96.1,169,96,179,98.9,157,100,146,100,156,94,161,88.5
Charlotte,1211,99,1103,97.4,1149,95.9,999,86.5,1131,97.8,1036,94.8,1089,92.6,1081,93.4
Citrus,1175,96.3,1173,96.5,1109,97.6,964,89.8,1036,97.6,1074,97.9,983,95.2,995,95.1
Clay,2685,95.2,2517,95.8,2361,95.6,2124,95.6,1948,91.5,1923,94.4,1902,93.6,1941,90.7
Collier,3535,94.3,3345,93.7,3324,93.8,2962,91.7,2734,87.8,2837,94.5,2489,86.8,2333,85.5
Columbia,903,96.1,822,95.6,788,96.6,775,95.9,766,95.3,723,95.8,730,94.8,729,88.9
Miami-Dade,27457,93.3,28515,93.7,28029,92.4,26987,91.7,25189,88.7,27413,92.7,26496,91.9,26660,88.8
DeSoto,424,99.3,404,96.9,376,96.7,325,97,328,99.1,340,99.7,316,98.8,342,94
Dixie,169,93.4,174,98.3,161,93.6,171,97.2,136,95.8,155,98.7,155,98.7,147,88
Duval,11981,91.4,12014,94.6,11804,94.8,11629,96.8,11438,96.8,11389,97.2,10413,90.3,11121,90.7
Escambia,3749,92.9,3756,94.2,3803,97.2,3648,94.7,3575,95.7,3792,97.3,3995,97.6,3935,93
Flagler,841,92.7,771,93.5,641,96.5,576,95.7,504,95.6,482,95.3,394,93.1,376,92.6
Franklin,122,100,124,98.4,100,97.1,100,93.5,107,99.1,104,98.1,111,99.1,123,96.9
Gadsden,540,97.3,565,98.3,544,99.3,580,99.1,549,93.4,472,95.4,571,95.8,604,93.5
Gilchrist,236,98.3,204,91.9,218,95.2,189,97.9,171,92.4,185,98.9,195,96.1,181,88.7
Glades,119,100,123,96.1,78,90.7,72,98.6,82,100,85,100,87,100,87,100
Gulf,146,97.3,161,100,157,100,146,97.3,155,98.7,150,98,171,100,170,96.6
Hamilton,171,89.5,137,94.5,172,97.7,154,99.4,179,99.4,146,98,157,98.7,165,95.9
Hardee,437,97.8,427,98.6,481,95.6,387,94.9,433,94.5,378,99.7,380,98.7,375,98.9
Hendry,623,95.1,613,96.1,633,95,534,86.3,507,92.7,551,97,553,92.8,492,87.4
Hernando,1804,97.6,1596,97.9,1408,90.8,1327,94.2,1317,97.1,1218,95.8,1175,92.2,1193,91.8
Highlands,989,96.6,1020,96.3,956,95,861,90,911,94.8,908,96.7,914,98.4,901,94.4
Hillsborough,16133,95.5,15740,95.2,15115,95,14447,93.2,14265,94.9,14192,92.8,14012,94.1,12704,89.5
Holmes,278,100,245,98.8,229,100,222,89.9,270,98.5,267,99.3,254,94.4,251,96.2
Indian River,1247,90.4,1231,91.3,1243,93,1115,93.5,1140,94.6,1126,96.2,996,90.1,1119,96.2
Jackson,643,97,605,97.1,591,97.2,537,94,556,99.3,541,99.1,538,98.5,504,91
Jefferson,154,98.1,141,91.6,124,96.9,131,94.9,133,99.3,130,97.7,136,85.5,127,83.6
Lafayette,87,97.8,91,98.9,89,98.9,87,96.7,99,100,90,95.7,90,95.7,80,98.8
Lake,3142,93.9,2927,93.9,2764,94.3,2298,91.8,2336,94.9,2277,94.7,2395,93.7,2303,94.5
Lee,6825,96.5,6167,96.1,5569,96.8,5079,91.5,4865,94.4,4726,96.5,4521,95.8,4287,91.4
Leon,2957,94.6,2981,97.6,2993,97.8,2799,96.5,2796,96.9,2809,95.4,2810,96.8,2811,96.4
Levy,524,97,471,98.3,464,96.5,396,95.9,459,98.3,458,97.2,458,97,440,92.2
Liberty,113,87.6,112,97.4,92,100,99,100,92,100,75,100,80,100,78,94
Madison,274,97.9,224,88.5,265,97.8,164,75.2,163,70.6,209,93.7,258,95.9,166,68.9
Manatee,3695,93.6,3454,92.5,3135,91.4,2931,87.7,2943,89.8,2826,92.5,2859,92.3,2474,83.8
Marion,3428,96.3,3194,95.2,3022,95.6,2686,87.4,2803,92.7,2909,95,2922,92.2,2594,85.5
Martin,1455,95.8,1390,95.1,1497,96.1,1309,94.3,1231,94.8,1247,95.6,1323,96.1,1233,89.8
Monroe,695,92.2,667,92.4,659,96.2,671,95.7,698,96.9,680,97.4,724,96,727,94
Nassau,870,95,875,98.8,799,96.7,793,98.5,798,98.9,701,98.5,688,96.1,626,87.8
Okaloosa,2386,94.5,2304,95.6,2299,95.5,2220,93.7,2201,97.4,2187,97.1,2223,96.8,2218,93.9
Okeechobee,596,98.3,588,96.6,607,98.2,535,96.7,478,97,479,97,498,94.3,501,92.4
Orange,14813,94.9,13824,92.7,14019,95.6,12481,94.9,12301,94.7,12600,94.7,11851,92.1,10684,88.1
Osceola,3671,93.3,3428,92.5,3227,93.5,2749,89.5,2623,89.7,2706,93.3,2339,90.4,2218,88.9
Palm Beach,14206,92.8,14074,91.6,14056,94.2,13085,90.9,12973,93.7,12688,95.1,12545,95.1,11529,89.9
Pasco,4697,94.1,4612,94,4154,93.2,3669,88.3,3693,93.2,3738,93.7,3526,93.6,3310,89.7
Pinellas,9139,94.3,8744,91.6,8724,94.5,8391,90.9,8742,94.1,9315,95.3,9216,94.5,8792,89.5
Polk,7988,94.2,6916,87.1,7224,94.3,6831,93.4,6353,90.3,6144,89.5,6486,90.3,6097,86.9
Putnam,1090,97,1005,93.9,988,98.6,996,96.8,951,96.6,1002,98.2,858,90.1,891,88.5
St. Johns,1813,89.6,1864,94.4,1382,83.6,1591,91.6,1592,94.8,1499,93.5,1470,95.2,1428,94.3
St. Lucie,3056,93.3,2851,91.8,2642,95,2509,91.8,2567,95.5,2276,95.4,2364,96.4,2247,91.6
Santa Rosa,1743,90.1,1776,94,1661,94.1,1581,95.1,1578,96.5,1531,97.6,1480,97.6,1629,94.4
Sarasota,3328,96.2,3260,96.3,3093,96.4,2453,78.6,2974,94.8,2835,95.7,2907,95.4,2666,91.5
Seminole,5419,96.8,5317,96.4,5079,97.6,5153,95.7,4844,96.4,4899,94.8,3782,94.2,4351,88
Sumter,556,94.2,528,94,537,98.2,478,93.5,424,94.9,466,96.7,416,97.9,416,89.7
Suwannee,515,96.6,471,96.7,471,96.7,400,92.2,404,97.1,418,96.1,422,96.6,396,89.6
Taylor,299,100,255,100,291,98.6,284,93.7,287,99.7,277,97.9,255,96.6,287,97
Union,212,97.7,178,93.2,172,100,168,98.2,139,99.3,142,100,151,98.7,162,94.2
Volusia,5001,94.6,5024,94.6,5028,95.9,4526,92.7,4527,94.7,4681,95.4,4208,94.6,4062,91.6
Wakulla,429,98.8,401,97.8,358,99.2,305,97.8,327,99.1,358,96.2,315,97.2,332,96.2
Walton,484,89.1,466,97.1,470,96.1,455,94.6,416,98.3,460,98.3,446,98,430,89
Washington,305,99.7,274,99.6,275,97.5,194,74.9,284,99.3,227,98.7,260,100,242,92
